,Python 3.5,Python 3.6,Pypy3.6,Python 3.7
,,,,
map_filter_with_functions,0.003200070000275,0.002611654000248,0.001838711999881,0.003006803999597
map_list_filter_with_functions,14.8694303839998,9.08515401800014,11.3624688709997,7.20779452099941
map_filter_with_lambdas,0.002206330999798,0.001897481000015,0.002034804999312,0.003757803000553
map_list_filter_with_lambdas,14.7776685590006,9.87118926499988,11.0059501120004,8.09274621700024
comprehension,7.11891718100014,4.16874388100041,0.389123524999377,3.64620668799944
comprehension_with_functions,13.5508805270001,9.80515220399957,0.430134844000349,8.17936487600036
comprehension_with_lambdas, 18.5799652249998,14.4866835149996,0.428448764000677,12.2105289109995